Time,Temp1,Temp2,Temp3,Temp4,Temp5,Temp6
03-Oct-26 - 08:32:51 AM,154.40,222.80,186.80,0.00,32.00,257.00
03-Oct-26 - 08:42:51 AM,150.80,221.00,186.80,0.00,32.00,258.80
03-Oct-26 - 08:52:51 AM,150.80,219.20,185.00,0.00,32.00,255.20
03-Oct-26 - 09:02:51 AM,149.00,217.40,185.00,0.00,32.00,248.00
03-Oct-26 - 09:12:51 AM,138.20,215.60,183.20,0.00,32.00,249.80
03-Oct-26 - 09:22:51 AM,141.80,213.80,181.40,0.00,32.00,239.00
03-Oct-26 - 09:32:51 AM,136.40,212.00,181.40,0.00,32.00,249.80
03-Oct-26 - 09:42:51 AM,136.40,212.00,179.60,0.00,32.00,242.60
03-Oct-26 - 09:52:51 AM,140.00,210.20,177.80,0.00,32.00,233.60
03-Oct-26 - 10:02:51 AM,136.40,208.40,176.00,0.00,32.00,242.60
03-Oct-26 - 10:12:51 AM,131.00,206.60,176.00,0.00,32.00,246.20
03-Oct-26 - 10:22:51 AM,134.60,206.60,174.20,0.00,32.00,235.40
03-Oct-26 - 10:32:51 AM,131.00,204.80,172.40,0.00,32.00,230.00
03-Oct-26 - 10:42:51 AM,136.40,204.80,172.40,0.00,32.00,237.20
03-Oct-26 - 10:52:51 AM,127.40,203.00,174.20,0.00,32.00,237.20
03-Oct-26 - 11:02:51 AM,129.20,201.20,172.40,0.00,32.00,226.40
03-Oct-26 - 11:12:51 AM,125.60,199.40,170.60,0.00,32.00,228.20
03-Oct-26 - 11:22:51 AM,127.40,199.40,167.00,0.00,32.00,224.60
03-Oct-26 - 11:32:51 AM,125.60,197.60,168.80,0.00,32.00,224.60
03-Oct-26 - 11:42:51 AM,122.00,197.60,167.00,0.00,32.00,221.00
03-Oct-26 - 11:52:51 AM,118.40,195.80,167.00,0.00,32.00,219.20
03-Oct-26 - 12:02:51 PM,116.60,195.80,165.20,0.00,32.00,231.80
03-Oct-26 - 12:12:51 PM,116.60,194.00,163.40,0.00,32.00,224.60
03-Oct-26 - 12:22:51 PM,114.80,192.20,163.40,0.00,32.00,215.60
03-Oct-26 - 12:32:51 PM,113.00,190.40,163.40,0.00,32.00,215.60
03-Oct-26 - 12:42:51 PM,113.00,190.40,161.60,0.00,32.00,217.40
03-Oct-26 - 12:52:51 PM,107.60,190.40,159.80,0.00,32.00,215.60
03-Oct-26 - 01:02:51 PM,107.60,188.60,159.80,0.00,32.00,217.40
03-Oct-26 - 01:12:51 PM,102.20,186.80,156.20,0.00,32.00,224.60
03-Oct-26 - 01:22:51 PM,104.00,186.80,156.20,0.00,32.00,217.40
03-Oct-26 - 01:32:51 PM,102.20,185.00,158.00,0.00,32.00,215.60
03-Oct-26 - 01:42:51 PM,98.60,183.20,158.00,0.00,32.00,212.00
03-Oct-26 - 01:52:51 PM,100.40,183.20,154.40,0.00,32.00,210.20
03-Oct-26 - 02:02:51 PM,107.60,181.40,154.40,0.00,32.00,212.00
03-Oct-26 - 02:12:51 PM,107.60,181.40,152.60,0.00,32.00,212.00
03-Oct-26 - 02:22:51 PM,104.00,179.60,152.60,0.00,32.00,208.40
03-Oct-26 - 02:32:51 PM,102.20,179.60,152.60,0.00,32.00,208.40
03-Oct-26 - 02:42:51 PM,100.40,177.80,150.80,0.00,32.00,212.00
03-Oct-26 - 02:52:51 PM,98.60,177.80,150.80,0.00,32.00,204.80
03-Oct-26 - 03:02:51 PM,98.60,176.00,147.20,0.00,32.00,208.40
03-Oct-26 - 03:12:51 PM,98.60,176.00,149.00,0.00,32.00,208.40
03-Oct-26 - 03:22:51 PM,96.80,174.20,147.20,0.00,32.00,195.80
06-Oct-26 - 07:05:28 AM,32.00,264.20,82.40,0.00,32.00,107.60
06-Oct-26 - 07:15:28 AM,32.00,37.40,48.20,0.00,32.00,53.60
06-Oct-26 - 07:25:28 AM,114.80,161.60,264.20,0.00,32.00,147.20
06-Oct-26 - 07:35:28 AM,154.40,233.60,248.00,0.00,32.00,264.20
06-Oct-26 - 07:45:28 AM,176.00,237.20,224.60,0.00,32.00,282.20
06-Oct-26 - 07:55:28 AM,192.20,242.60,226.40,0.00,32.00,293.00
06-Oct-26 - 08:05:28 AM,199.40,249.80,228.20,0.00,32.00,298.40
06-Oct-26 - 08:15:28 AM,210.20,258.80,235.40,0.00,32.00,316.40
